title,price_text,star_rating_text,availability_text,category
Ember Shadow #1,£47.08,Two,In stock (22 available),Travel
Wilder River #2,£39.52,One,In stock (22 available),Travel
Crown Shadow #3,£38.06,Five,In stock (5 available),Travel
Shadow Distant #4,£44.91,Three,In stock (5 available),Travel
Harbor Ember #5,£14.64,One,In stock (5 available),Travel
Garden Lantern #6,£36.81,Four,In stock (22 available),Travel
Crown Echo #7,£38.87,One,In stock (22 available),Travel
River Hollow #8,£53.32,Four,In stock (5 available),Travel
Distant Echo #9,£27.76,Three,In stock,Travel
Crown Distant #10,£36.71,Two,In stock (22 available),Travel
Wilder Hollow #11,£44.23,One,In stock (22 available),Travel
Paper Letters #12,£13.31,Five,In stock,Travel
Paper Lantern #13,£17.14,Two,In stock (22 available),Travel
Mirror Storm #14,£54.89,Four,In stock (5 available),Travel
Voyage Grove #15,£14.55,One,In stock (22 available),Travel
Storm Crown #16,£13.18,Four,In stock,Travel
Wilder Shadow #17,£44.01,One,In stock,Travel
Harbor Ember #18,Price unavailable,Two,In stock (5 available),Travel
Letters Voyage #19,£48.1,Five,In stock (22 available),Travel
Voyage Crown #20,£19.95,Three,In stock (22 available),Travel
Shadow Crown #1,£26.21,One,In stock (22 available),Mystery
Winter Hollow #2,£12.9,Five,In stock (22 available),Mystery
River Wilder #3,£48.29,Two,In stock,Mystery
Letters Voyage #4,£53.62,Four,In stock (22 available),Mystery
Golden Winter #5,£29.95,Three,In stock (5 available),Mystery
Hollow Hollow #6,£13.2,One,In stock,Mystery
Shadow River #7,£45.39,One,In stock (22 available),Mystery
Harbor River #8,£35.71,Three,In stock,Mystery
Mirror Mirror #9,£33.63,Four,In stock (5 available),Mystery
Storm Echo #10,£31.18,Four,In stock,Mystery
Ember Garden #11,£30.13,Three,In stock (22 available),Mystery
Lantern Quiet #12,£31.09,Three,In stock (5 available),Mystery
Lantern Wilder #13,£14.9,Five,In stock (22 available),Mystery
Hollow Distant #14,£30.32,Four,In stock (22 available),Mystery
Distant Paper #15,£10.11,Four,In stock (5 available),Mystery
Winter Storm #16,£44.83,Five,In stock,Mystery
Winter Golden #17,£58.44,Five,In stock,Mystery
Garden Garden #18,£39.21,Five,In stock,Mystery
River Distant #19,£13.43,One,In stock,Mystery
Hollow Mirror #1,£39.73,Five,In stock (22 available),Historical Fiction
Voyage Harbor #2,£56.74,Two,In stock,Historical Fiction
Paper Quiet #3,£43.58,Three,In stock (5 available),Historical Fiction
River Shadow #4,£32.91,Five,In stock (22 available),Historical Fiction
Letters Quiet #5,£56.66,One,In stock (22 available),Historical Fiction
Wilder Winter #6,£40.58,Five,In stock (22 available),Historical Fiction
Ember Quiet #7,£23.22,One,In stock,Historical Fiction
Crown Golden #8,£45.88,Two,In stock,Historical Fiction
Grove Letters #9,£55.27,One,In stock (22 available),Historical Fiction
Garden Shadow #10,£26.68,Two,In stock,Historical Fiction
Lantern Wilder #11,£45.28,Five,In stock (22 available),Historical Fiction
Quiet Wilder #12,£11.8,Three,In stock,Historical Fiction
Garden Winter #13,£28.23,One,In stock (5 available),Historical Fiction
Ember Echo #14,£49.01,Four,In stock,Historical Fiction
Hollow Distant #15,Price unavailable,Two,In stock (5 available),Historical Fiction
Harbor Storm #16,£50.11,Two,In stock (5 available),Historical Fiction
Paper Garden #17,£52.93,Two,In stock (22 available),Historical Fiction
Winter Hollow #18,£21.15,Two,In stock (5 available),Historical Fiction
Letters Echo #19,£42.07,Four,In stock,Historical Fiction
Ember Letters #1,£18.93,Three,In stock (22 available),Fiction
Harbor Storm #2,£40.31,Five,In stock (22 available),Fiction
Letters Garden #3,£45.44,One,In stock,Fiction
Golden Echo #4,£31.56,Three,In stock,Fiction
Winter Voyage #5,£25.46,Four,In stock (5 available),Fiction
Quiet Golden #6,£31.02,Four,In stock,Fiction
Mirror Winter #7,£30.3,One,In stock (5 available),Fiction
Mirror Crown #8,£42.74,Four,In stock (5 available),Fiction
Grove Distant #9,£42.94,Three,In stock,Fiction
River Hollow #10,£43.64,Two,In stock (22 available),Fiction
Grove Crown #11,£52.49,One,In stock (5 available),Fiction
Golden Paper #12,£34.72,N/A,In stock (22 available),Fiction
Ember Storm #13,£20.94,Five,In stock (5 available),Fiction
Ember Lantern #14,£16.67,Four,In stock,Fiction
Harbor Lantern #15,£40.63,Five,In stock (5 available),Fiction
Grove Lantern #1,£22.96,Two,In stock,Fantasy
Grove Hollow #2,£23.73,One,In stock,Fantasy
Harbor Wilder #3,£14.03,Two,In stock (22 available),Fantasy
Golden River #4,£30.74,Three,In stock,Fantasy
Storm Paper #5,Price unavailable,Five,In stock,Fantasy
Mirror Paper #6,£33.85,Three,In stock (5 available),Fantasy
Storm Wilder #7,£47.38,Five,In stock,Fantasy
Letters Storm #8,£34.28,Four,In stock (5 available),Fantasy
Distant Lantern #9,Price unavailable,Five,In stock,Fantasy
Mirror Shadow #10,£14.2,Four,In stock (22 available),Fantasy
Letters Paper #11,£26.37,Four,In stock (5 available),Fantasy
Letters Storm #12,Price unavailable,One,In stock (5 available),Fantasy
Echo Hollow #13,£42.51,One,In stock (22 available),Fantasy
Shadow Crown #14,£17.62,Two,In stock (5 available),Fantasy
Golden Lantern #15,£44.97,Three,In stock (22 available),Fantasy
Ember Distant #16,Price unavailable,One,In stock,Fantasy
